INSERT INTO cine.Generos (nombre_genero)
VALUES
('Acción'), ('Comedia'), ('Drama'), ('Terror'), ('Ciencia Ficción'),
('Acción11'), ('Comedia11'), ('Drama11'), ('Terror11'), ('Ciencia Ficción11'),
('Animación'), ('Documental'), ('Aventura'), ('Fantasía'), ('Suspenso'),
('Musical'), ('Histórico'), ('Biográfico'), ('Deportivo'), ('Guerra'),
('Misterio'), ('Western'), ('Romance'), ('Thriller'), ('Crimen'),
('Político'), ('Superhéroes'), ('Horror'), ('Familiar'), ('Religioso'),
('Épico'), ('Extraterrestres'), ('Psicológico'), ('Desastre'), ('Corto'),
('Experimental'), ('Independiente'), ('Bélico'), ('Aventura2'), ('Ciencia Ficción2'),
('Animación2'), ('Documental2'), ('Acción2'), ('Comedia2'), ('Drama2'),
('Terror2'), ('Suspenso2'), ('Musical2'), ('Histórico2'), ('Biográfico2'),
('Deportivo2'), ('Guerra2'), ('Misterio2'), ('Western2'), ('Romance2'),
('Thriller2'), ('Crimen2'), ('Político2'), ('Superhéroes2'), ('Horror2'),
('Familiar2'), ('Religioso2'), ('Épico2'), ('Extraterrestres2'), ('Psicológico2'),
('Desastre2'), ('Corto2'), ('Experimental2'), ('Independiente2'), ('Bélico2'),
('Aventura3'), ('Ciencia Ficción3'), ('Animación3'), ('Documental3'), ('Acción3'),
('Comedia3'), ('Drama3'), ('Terror3'), ('Suspenso3'), ('Musical3'),
('Histórico3'), ('Biográfico3'), ('Deportivo3'), ('Guerra3'), ('Misterio3'),
('Western3'), ('Romance3'), ('Thriller3'), ('Crimen3'), ('Político3'),
('Superhéroes3'), ('Horror3'), ('Familiar3'), ('Religioso3'), ('Épico3'),
('Extraterrestres3'), ('Psicológico3'), ('Desastre3'), ('Corto3'), ('Experimental3'),
('Extraterrestres33'), ('Psicológico33'), ('Desastre33'), ('Corto33'), ('Experimental33');

-- Llena la tabla peliculas.Personas con 100 registros usando un patrón de incremento y fechas secuenciales
DO $$
DECLARE
    i INT := 1;
	j INT := 1;
BEGIN
    WHILE i <= 100 LOOP

		INSERT INTO cine.Peliculas (nombre_pelicula, id_genero, duracion_pelicula, clasificacion, sinopsis, reparto)
		VALUES
		(concat('Pelicula', i), j, '02:00:00', 'PG-13', concat('Sinopsis de la Pelicula', i), concat('Actor', i, 'actriz', i));
        j := j + 1;
		i := i + 1;
    END LOOP;
END $$;

INSERT INTO cine.Tipo_Ubicacion (nombre_tipo_ubicacion) VALUES ('Butaca');
INSERT INTO cine.Tipo_Ubicacion (nombre_tipo_ubicacion) VALUES ('Palco');
INSERT INTO cine.Tipo_Ubicacion (nombre_tipo_ubicacion) VALUES ('Loge');
INSERT INTO cine.Tipo_Ubicacion (nombre_tipo_ubicacion) VALUES ('VIP');
INSERT INTO cine.Tipo_Ubicacion (nombre_tipo_ubicacion) VALUES ('Normal');
INSERT INTO cine.Tipo_Ubicacion (nombre_tipo_ubicacion) VALUES ('Premium');
INSERT INTO cine.Tipo_Ubicacion (nombre_tipo_ubicacion) VALUES ('General');
INSERT INTO cine.Tipo_Ubicacion (nombre_tipo_ubicacion) VALUES ('Deluxe');
INSERT INTO cine.Tipo_Ubicacion (nombre_tipo_ubicacion) VALUES ('Couch');
INSERT INTO cine.Tipo_Ubicacion (nombre_tipo_ubicacion) VALUES ('Sofa');
INSERT INTO cine.Tipo_Ubicacion (nombre_tipo_ubicacion) VALUES ('Recliner');
INSERT INTO cine.Tipo_Ubicacion (nombre_tipo_ubicacion) VALUES ('Suite');
INSERT INTO cine.Tipo_Ubicacion (nombre_tipo_ubicacion) VALUES ('Club');
INSERT INTO cine.Tipo_Ubicacion (nombre_tipo_ubicacion) VALUES ('Family');
INSERT INTO cine.Tipo_Ubicacion (nombre_tipo_ubicacion) VALUES ('Accessible');
INSERT INTO cine.Tipo_Ubicacion (nombre_tipo_ubicacion) VALUES ('Balcony');
INSERT INTO cine.Tipo_Ubicacion (nombre_tipo_ubicacion) VALUES ('Standard');
INSERT INTO cine.Tipo_Ubicacion (nombre_tipo_ubicacion) VALUES ('Couch Plus');
INSERT INTO cine.Tipo_Ubicacion (nombre_tipo_ubicacion) VALUES ('Podium');
INSERT INTO cine.Tipo_Ubicacion (nombre_tipo_ubicacion) VALUES ('Luxury');
INSERT INTO cine.Tipo_Ubicacion (nombre_tipo_ubicacion) VALUES ('Quad');
INSERT INTO cine.Tipo_Ubicacion (nombre_tipo_ubicacion) VALUES ('Couple');
INSERT INTO cine.Tipo_Ubicacion (nombre_tipo_ubicacion) VALUES ('Single');
INSERT INTO cine.Tipo_Ubicacion (nombre_tipo_ubicacion) VALUES ('Stadium');
INSERT INTO cine.Tipo_Ubicacion (nombre_tipo_ubicacion) VALUES ('Bench');
INSERT INTO cine.Tipo_Ubicacion (nombre_tipo_ubicacion) VALUES ('Double');
INSERT INTO cine.Tipo_Ubicacion (nombre_tipo_ubicacion) VALUES ('Mini Suite');
INSERT INTO cine.Tipo_Ubicacion (nombre_tipo_ubicacion) VALUES ('Personal');
INSERT INTO cine.Tipo_Ubicacion (nombre_tipo_ubicacion) VALUES ('Theater');
INSERT INTO cine.Tipo_Ubicacion (nombre_tipo_ubicacion) VALUES ('Double Recliner');
INSERT INTO cine.Tipo_Ubicacion (nombre_tipo_ubicacion) VALUES ('Upper Deck');
INSERT INTO cine.Tipo_Ubicacion (nombre_tipo_ubicacion) VALUES ('Lower Deck');
INSERT INTO cine.Tipo_Ubicacion (nombre_tipo_ubicacion) VALUES ('Reserved');
INSERT INTO cine.Tipo_Ubicacion (nombre_tipo_ubicacion) VALUES ('View');
INSERT INTO cine.Tipo_Ubicacion (nombre_tipo_ubicacion) VALUES ('Signature');
INSERT INTO cine.Tipo_Ubicacion (nombre_tipo_ubicacion) VALUES ('Extended');
INSERT INTO cine.Tipo_Ubicacion (nombre_tipo_ubicacion) VALUES ('Regular');
INSERT INTO cine.Tipo_Ubicacion (nombre_tipo_ubicacion) VALUES ('Horizon');
INSERT INTO cine.Tipo_Ubicacion (nombre_tipo_ubicacion) VALUES ('Corner');
INSERT INTO cine.Tipo_Ubicacion (nombre_tipo_ubicacion) VALUES ('Middle');
INSERT INTO cine.Tipo_Ubicacion (nombre_tipo_ubicacion) VALUES ('Rear');
INSERT INTO cine.Tipo_Ubicacion (nombre_tipo_ubicacion) VALUES ('Front');
INSERT INTO cine.Tipo_Ubicacion (nombre_tipo_ubicacion) VALUES ('Side');
INSERT INTO cine.Tipo_Ubicacion (nombre_tipo_ubicacion) VALUES ('Center');
INSERT INTO cine.Tipo_Ubicacion (nombre_tipo_ubicacion) VALUES ('Edge');
INSERT INTO cine.Tipo_Ubicacion (nombre_tipo_ubicacion) VALUES ('Wide');
INSERT INTO cine.Tipo_Ubicacion (nombre_tipo_ubicacion) VALUES ('Cozy');
INSERT INTO cine.Tipo_Ubicacion (nombre_tipo_ubicacion) VALUES ('Prime');
INSERT INTO cine.Tipo_Ubicacion (nombre_tipo_ubicacion) VALUES ('Secluded');
INSERT INTO cine.Tipo_Ubicacion (nombre_tipo_ubicacion) VALUES ('Exclusive');
INSERT INTO cine.Tipo_Ubicacion (nombre_tipo_ubicacion) VALUES ('Ultimate');
INSERT INTO cine.Tipo_Ubicacion (nombre_tipo_ubicacion) VALUES ('Intimate');
INSERT INTO cine.Tipo_Ubicacion (nombre_tipo_ubicacion) VALUES ('Historic');
INSERT INTO cine.Tipo_Ubicacion (nombre_tipo_ubicacion) VALUES ('Traditional');
INSERT INTO cine.Tipo_Ubicacion (nombre_tipo_ubicacion) VALUES ('Modern');
INSERT INTO cine.Tipo_Ubicacion (nombre_tipo_ubicacion) VALUES ('Classic');
INSERT INTO cine.Tipo_Ubicacion (nombre_tipo_ubicacion) VALUES ('Chic');
INSERT INTO cine.Tipo_Ubicacion (nombre_tipo_ubicacion) VALUES ('Retro');
INSERT INTO cine.Tipo_Ubicacion (nombre_tipo_ubicacion) VALUES ('Elegant');
INSERT INTO cine.Tipo_Ubicacion (nombre_tipo_ubicacion) VALUES ('Trendy');
INSERT INTO cine.Tipo_Ubicacion (nombre_tipo_ubicacion) VALUES ('Hip');
INSERT INTO cine.Tipo_Ubicacion (nombre_tipo_ubicacion) VALUES ('Posh');
INSERT INTO cine.Tipo_Ubicacion (nombre_tipo_ubicacion) VALUES ('Swanky');
INSERT INTO cine.Tipo_Ubicacion (nombre_tipo_ubicacion) VALUES ('Funky');
INSERT INTO cine.Tipo_Ubicacion (nombre_tipo_ubicacion) VALUES ('Grand');
INSERT INTO cine.Tipo_Ubicacion (nombre_tipo_ubicacion) VALUES ('Modular');
INSERT INTO cine.Tipo_Ubicacion (nombre_tipo_ubicacion) VALUES ('Innovative');
INSERT INTO cine.Tipo_Ubicacion (nombre_tipo_ubicacion) VALUES ('Sleek');
INSERT INTO cine.Tipo_Ubicacion (nombre_tipo_ubicacion) VALUES ('Compact');
INSERT INTO cine.Tipo_Ubicacion (nombre_tipo_ubicacion) VALUES ('Luxurious');
INSERT INTO cine.Tipo_Ubicacion (nombre_tipo_ubicacion) VALUES ('Affordable');
INSERT INTO cine.Tipo_Ubicacion (nombre_tipo_ubicacion) VALUES ('Opulent');
INSERT INTO cine.Tipo_Ubicacion (nombre_tipo_ubicacion) VALUES ('Comfortable');
INSERT INTO cine.Tipo_Ubicacion (nombre_tipo_ubicacion) VALUES ('Convenient');
INSERT INTO cine.Tipo_Ubicacion (nombre_tipo_ubicacion) VALUES ('Spacious');
INSERT INTO cine.Tipo_Ubicacion (nombre_tipo_ubicacion) VALUES ('Large');
INSERT INTO cine.Tipo_Ubicacion (nombre_tipo_ubicacion) VALUES ('Small');
INSERT INTO cine.Tipo_Ubicacion (nombre_tipo_ubicacion) VALUES ('Cozy');
INSERT INTO cine.Tipo_Ubicacion (nombre_tipo_ubicacion) VALUES ('Private');
INSERT INTO cine.Tipo_Ubicacion (nombre_tipo_ubicacion) VALUES ('Community');
INSERT INTO cine.Tipo_Ubicacion (nombre_tipo_ubicacion) VALUES ('Central');
INSERT INTO cine.Tipo_Ubicacion (nombre_tipo_ubicacion) VALUES ('Peripheral');
INSERT INTO cine.Tipo_Ubicacion (nombre_tipo_ubicacion) VALUES ('Exclusive');
INSERT INTO cine.Tipo_Ubicacion (nombre_tipo_ubicacion) VALUES ('Onyx');
INSERT INTO cine.Tipo_Ubicacion (nombre_tipo_ubicacion) VALUES ('Emerald');
INSERT INTO cine.Tipo_Ubicacion (nombre_tipo_ubicacion) VALUES ('Diamond');
INSERT INTO cine.Tipo_Ubicacion (nombre_tipo_ubicacion) VALUES ('Platinum');
INSERT INTO cine.Tipo_Ubicacion (nombre_tipo_ubicacion) VALUES ('Gold');
INSERT INTO cine.Tipo_Ubicacion (nombre_tipo_ubicacion) VALUES ('Silver');
INSERT INTO cine.Tipo_Ubicacion (nombre_tipo_ubicacion) VALUES ('Bronze');
INSERT INTO cine.Tipo_Ubicacion (nombre_tipo_ubicacion) VALUES ('Ruby');
INSERT INTO cine.Tipo_Ubicacion (nombre_tipo_ubicacion) VALUES ('Sapphire');
INSERT INTO cine.Tipo_Ubicacion (nombre_tipo_ubicacion) VALUES ('Topaz');
INSERT INTO cine.Tipo_Ubicacion (nombre_tipo_ubicacion) VALUES ('Amber');
INSERT INTO cine.Tipo_Ubicacion (nombre_tipo_ubicacion) VALUES ('Jade');
INSERT INTO cine.Tipo_Ubicacion (nombre_tipo_ubicacion) VALUES ('Pearl');
INSERT INTO cine.Tipo_Ubicacion (nombre_tipo_ubicacion) VALUES ('Opal');
INSERT INTO cine.Tipo_Ubicacion (nombre_tipo_ubicacion) VALUES ('Turquoise');
INSERT INTO cine.Tipo_Ubicacion (nombre_tipo_ubicacion) VALUES ('Quartz');
INSERT INTO cine.Tipo_Ubicacion (nombre_tipo_ubicacion) VALUES ('Crystal');
INSERT INTO cine.Tipo_Ubicacion (nombre_tipo_ubicacion) VALUES ('Top View');
INSERT INTO cine.Tipo_Ubicacion (nombre_tipo_ubicacion) VALUES ('Side View');
INSERT INTO cine.Tipo_Ubicacion (nombre_tipo_ubicacion) VALUES ('Front View');
INSERT INTO cine.Tipo_Ubicacion (nombre_tipo_ubicacion) VALUES ('Rear View');
INSERT INTO cine.Tipo_Ubicacion (nombre_tipo_ubicacion) VALUES ('Middle View');


INSERT INTO cine.Ubicaciones (nombre_ubicacion, id_padre, id_tipo_ubicacion) VALUES
('Ubicación 1', 1, 1),
('Ubicación 2', 2, 2),
('Ubicación 3', 3, 3),
('Ubicación 4', 4, 4),
('Ubicación 5', 5, 5),
('Ubicación 6', 6, 6),
('Ubicación 7', 7, 7),
('Ubicación 8', 8, 8),
('Ubicación 9', 9, 9),
('Ubicación 10', 10, 10),
('Ubicación 11', 11, 11),
('Ubicación 12', 12, 12),
('Ubicación 13', 13, 13),
('Ubicación 14', 14, 14),
('Ubicación 15', 15, 15),
('Ubicación 16', 16, 16),
('Ubicación 17', 17, 17),
('Ubicación 18', 18, 18),
('Ubicación 19', 19, 19),
('Ubicación 20', 20, 20),
('Ubicación 21', 21, 21),
('Ubicación 22', 22, 22),
('Ubicación 23', 23, 23),
('Ubicación 24', 24, 24),
('Ubicación 25', 25, 25),
('Ubicación 26', 26, 26),
('Ubicación 27', 27, 27),
('Ubicación 28', 28, 28),
('Ubicación 29', 29, 29),
('Ubicación 30', 30, 30),
('Ubicación 31', 31, 31),
('Ubicación 32', 32, 32),
('Ubicación 33', 33, 33),
('Ubicación 34', 34, 34),
('Ubicación 35', 35, 35),
('Ubicación 36', 36, 36),
('Ubicación 37', 37, 37),
('Ubicación 38', 38, 38),
('Ubicación 39', 39, 39),
('Ubicación 40', 40, 40),
('Ubicación 41', 41, 41),
('Ubicación 42', 42, 42),
('Ubicación 43', 43, 43),
('Ubicación 44', 44, 44),
('Ubicación 45', 45, 45),
('Ubicación 46', 46, 46),
('Ubicación 47', 47, 47),
('Ubicación 48', 48, 48),
('Ubicación 49', 49, 49),
('Ubicación 50', 50, 50),
('Ubicación 51', 51, 51),
('Ubicación 52', 52, 52),
('Ubicación 53', 53, 53),
('Ubicación 54', 54, 54),
('Ubicación 55', 55, 55),
('Ubicación 56', 56, 56),
('Ubicación 57', 57, 57),
('Ubicación 58', 58, 58),
('Ubicación 59', 59, 59),
('Ubicación 60', 60, 60),
('Ubicación 61', 61, 61),
('Ubicación 62', 62, 62),
('Ubicación 63', 63, 63),
('Ubicación 64', 64, 64),
('Ubicación 65', 65, 65),
('Ubicación 66', 66, 66),
('Ubicación 67', 67, 67),
('Ubicación 68', 68, 68),
('Ubicación 69', 69, 69),
('Ubicación 70', 70, 70),
('Ubicación 71', 71, 71),
('Ubicación 72', 72, 72),
('Ubicación 73', 73, 73),
('Ubicación 74', 74, 74),
('Ubicación 75', 75, 75),
('Ubicación 76', 76, 76),
('Ubicación 77', 77, 77),
('Ubicación 78', 78, 78),
('Ubicación 79', 79, 79),
('Ubicación 80', 80, 80),
('Ubicación 81', 81, 81),
('Ubicación 82', 82, 82),
('Ubicación 83', 83, 83),
('Ubicación 84', 84, 84),
('Ubicación 85', 85, 85),
('Ubicación 86', 86, 86),
('Ubicación 87', 87, 87),
('Ubicación 88', 88, 88),
('Ubicación 89', 89, 89),
('Ubicación 90', 90, 90),
('Ubicación 91', 91, 91),
('Ubicación 92', 92, 92),
('Ubicación 93', 93, 93),
('Ubicación 94', 94, 94),
('Ubicación 95', 95, 95),
('Ubicación 96', 96, 96),
('Ubicación 97', 97, 97),
('Ubicación 98', 98, 98),
('Ubicación 99', 99, 99),
('Ubicación 100', 100, 100);


INSERT INTO cine.Cines (nombre_cine, id_ubicacion, descripcion_cine)
VALUES
('Cine 1', 1, 'Descripción del Cine 1'),
('Cine 2', 2, 'Descripción del Cine 2'),
('Cine 3', 3, 'Descripción del Cine 3'),
('Cine 4', 4, 'Descripción del Cine 4'),
('Cine 5', 5, 'Descripción del Cine 5'),
('Cine 6', 6, 'Descripción del Cine 6'),
('Cine 7', 7, 'Descripción del Cine 7'),
('Cine 8', 8, 'Descripción del Cine 8'),
('Cine 9', 9, 'Descripción del Cine 9'),
('Cine 10', 10, 'Descripción del Cine 10'),
('Cine 11', 11, 'Descripción del Cine 11'),
('Cine 12', 12, 'Descripción del Cine 12'),
('Cine 13', 13, 'Descripción del Cine 13'),
('Cine 14', 14, 'Descripción del Cine 14'),
('Cine 15', 15, 'Descripción del Cine 15'),
('Cine 16', 16, 'Descripción del Cine 16'),
('Cine 17', 17, 'Descripción del Cine 17'),
('Cine 18', 18, 'Descripción del Cine 18'),
('Cine 19', 19, 'Descripción del Cine 19'),
('Cine 20', 20, 'Descripción del Cine 20'),
('Cine 21', 21, 'Descripción del Cine 21'),
('Cine 22', 22, 'Descripción del Cine 22'),
('Cine 23', 23, 'Descripción del Cine 23'),
('Cine 24', 24, 'Descripción del Cine 24'),
('Cine 25', 25, 'Descripción del Cine 25'),
('Cine 26', 26, 'Descripción del Cine 26'),
('Cine 27', 27, 'Descripción del Cine 27'),
('Cine 28', 28, 'Descripción del Cine 28'),
('Cine 29', 29, 'Descripción del Cine 29'),
('Cine 30', 30, 'Descripción del Cine 30'),
('Cine 31', 31, 'Descripción del Cine 31'),
('Cine 32', 32, 'Descripción del Cine 32'),
('Cine 33', 33, 'Descripción del Cine 33'),
('Cine 34', 34, 'Descripción del Cine 34'),
('Cine 35', 35, 'Descripción del Cine 35'),
('Cine 36', 36, 'Descripción del Cine 36'),
('Cine 37', 37, 'Descripción del Cine 37'),
('Cine 38', 38, 'Descripción del Cine 38'),
('Cine 39', 39, 'Descripción del Cine 39'),
('Cine 40', 40, 'Descripción del Cine 40'),
('Cine 41', 41, 'Descripción del Cine 41'),
('Cine 42', 42, 'Descripción del Cine 42'),
('Cine 43', 43, 'Descripción del Cine 43'),
('Cine 44', 44, 'Descripción del Cine 44'),
('Cine 45', 45, 'Descripción del Cine 45'),
('Cine 46', 46, 'Descripción del Cine 46'),
('Cine 47', 47, 'Descripción del Cine 47'),
('Cine 48', 48, 'Descripción del Cine 48'),
('Cine 49', 49, 'Descripción del Cine 49'),
('Cine 50', 50, 'Descripción del Cine 50'),
('Cine 51', 51, 'Descripción del Cine 51'),
('Cine 52', 52, 'Descripción del Cine 52'),
('Cine 53', 53, 'Descripción del Cine 53'),
('Cine 54', 54, 'Descripción del Cine 54'),
('Cine 55', 55, 'Descripción del Cine 55'),
('Cine 56', 56, 'Descripción del Cine 56'),
('Cine 57', 57, 'Descripción del Cine 57'),
('Cine 58', 58, 'Descripción del Cine 58'),
('Cine 59', 59, 'Descripción del Cine 59'),
('Cine 60', 60, 'Descripción del Cine 60'),
('Cine 61', 61, 'Descripción del Cine 61'),
('Cine 62', 62, 'Descripción del Cine 62'),
('Cine 63', 63, 'Descripción del Cine 63'),
('Cine 64', 64, 'Descripción del Cine 64'),
('Cine 65', 65, 'Descripción del Cine 65'),
('Cine 66', 66, 'Descripción del Cine 66'),
('Cine 67', 67, 'Descripción del Cine 67'),
('Cine 68', 68, 'Descripción del Cine 68'),
('Cine 69', 69, 'Descripción del Cine 69'),
('Cine 70', 70, 'Descripción del Cine 70'),
('Cine 71', 71, 'Descripción del Cine 71'),
('Cine 72', 72, 'Descripción del Cine 72'),
('Cine 73', 73, 'Descripción del Cine 73'),
('Cine 74', 74, 'Descripción del Cine 74'),
('Cine 75', 75, 'Descripción del Cine 75'),
('Cine 76', 76, 'Descripción del Cine 76'),
('Cine 77', 77, 'Descripción del Cine 77'),
('Cine 78', 78, 'Descripción del Cine 78'),
('Cine 79', 79, 'Descripción del Cine 79'),
('Cine 80', 80, 'Descripción del Cine 80'),
('Cine 81', 81, 'Descripción del Cine 81'),
('Cine 82', 82, 'Descripción del Cine 82'),
('Cine 83', 83, 'Descripción del Cine 83'),
('Cine 84', 84, 'Descripción del Cine 84'),
('Cine 85', 85, 'Descripción del Cine 85'),
('Cine 86', 86, 'Descripción del Cine 86'),
('Cine 87', 87, 'Descripción del Cine 87'),
('Cine 88', 88, 'Descripción del Cine 88'),
('Cine 89', 89, 'Descripción del Cine 89'),
('Cine 90', 90, 'Descripción del Cine 90'),
('Cine 91', 91, 'Descripción del Cine 91'),
('Cine 92', 92, 'Descripción del Cine 92'),
('Cine 93', 93, 'Descripción del Cine 93'),
('Cine 94', 94, 'Descripción del Cine 94'),
('Cine 95', 95, 'Descripción del Cine 95'),
('Cine 96', 96, 'Descripción del Cine 96'),
('Cine 97', 97, 'Descripción del Cine 97'),
('Cine 98', 98, 'Descripción del Cine 98'),
('Cine 99', 99, 'Descripción del Cine 99'),
('Cine 100', 100, 'Descripción del Cine 100');



INSERT INTO cine.Salas (capacidad_sala, formato_sala, id_cine)
VALUES
(100, '2D', 1),
(120, '3D', 2),
(80, '2D', 3),
(150, 'IMAX', 4),
(90, '4DX', 5),
(110, '2D', 6),
(130, '3D', 7),
(95, 'IMAX', 8),
(105, '2D', 9),
(140, '4DX', 10),
(115, '3D', 11),
(125, '2D', 12),
(100, 'IMAX', 13),
(110, '4DX', 14),
(85, '2D', 15),
(130, '3D', 16),
(95, 'IMAX', 17),
(105, '4DX', 18),
(140, '2D', 19),
(120, '3D', 20),
(85, '2D', 21),
(100, '4DX', 22),
(110, 'IMAX', 23),
(125, '2D', 24),
(95, '3D', 25),
(120, '4DX', 26),
(140, 'IMAX', 27),
(85, '2D', 28),
(110, '3D', 29),
(130, 'IMAX', 30),
(100, '4DX', 31),
(115, '2D', 32),
(140, 'IMAX', 33),
(95, '3D', 34),
(125, '4DX', 35),
(85, 'IMAX', 36),
(110, '2D', 37),
(130, '3D', 38),
(120, 'IMAX', 39),
(95, '4DX', 40),
(100, '2D', 41),
(115, '3D', 42),
(140, '4DX', 43),
(85, 'IMAX', 44),
(120, '2D', 45),
(130, '3D', 46),
(105, 'IMAX', 47),
(110, '2D', 48),
(100, '4DX', 49),
(95, 'IMAX', 50),
(85, '3D', 51),
(120, '2D', 52),
(130, 'IMAX', 53),
(105, '4DX', 54),
(110, '2D', 55),
(140, '3D', 56),
(95, 'IMAX', 57),
(100, '4DX', 58),
(120, '2D', 59),
(130, 'IMAX', 60),
(105, '3D', 61),
(110, '2D', 62),
(140, '4DX', 63),
(95, 'IMAX', 64),
(120, '2D', 65),
(130, '3D', 66),
(105, 'IMAX', 67),
(110, '2D', 68),
(140, '4DX', 69),
(95, 'IMAX', 70),
(120, '2D', 71),
(130, '3D', 72),
(105, '4DX', 73),
(110, 'IMAX', 74),
(140, '2D', 75),
(95, '3D', 76),
(120, '4DX', 77),
(130, 'IMAX', 78),
(105, '2D', 79),
(110, '3D', 80),
(140, '4DX', 81),
(95, 'IMAX', 82),
(120, '2D', 83),
(130, '3D', 84),
(105, 'IMAX', 85),
(110, '2D', 86),
(140, '4DX', 87),
(95, 'IMAX', 88),
(120, '2D', 89),
(130, '3D', 90),
(105, 'IMAX', 91),
(110, '2D', 92),
(140, '4DX', 93),
(95, 'IMAX', 94),
(120, '2D', 95),
(130, '3D', 96),
(105, 'IMAX', 97),
(110, '4DX', 98),
(140, '2D', 99),
(95, '3D', 100);

-- Llena la tabla cine.funciones con 100 registros usando un patrón de incremento y fechas secuenciales
DO $$
DECLARE
    i INT := 1;
	j INT := 1;
    base_date DATE := '1990-01-01';
BEGIN
    WHILE i <= 100 LOOP
        INSERT INTO cine.funciones (fecha_funcion, hora_funcion,id_pelicula,id_sala,tipo_funcion)
        VALUES
		( base_date + (i - 1) * interval '1 day', CURRENT_TIME,i,i, concat('Tipo_funcion', i) );
        i := i + 1;
    END LOOP;
END $$;




INSERT INTO cine.Tipos_Sillas (tipo_silla)
VALUES
('Normal'),
('VIP'),
('Doble'),
('Recliner'),
('Couch'),
('Balcony'),
('Box'),
('Luxury'),
('Standard'),
('Economy'),
('First Class'),
('Premium'),
('Executive'),
('Suite'),
('Family'),
('Couple'),
('Single'),
('Loveseat'),
('Adjustable'),
('Theater'),
('Comfort'),
('Classic'),
('Deluxe'),
('Ergonomic'),
('Adjustable Recliner'),
('Leather'),
('Fabric'),
('Padded'),
('Soft'),
('Hard'),
('Foldable'),
('Stackable'),
('Bean Bag'),
('Inflatable'),
('Convertible'),
('Electric'),
('Heat-Resistant'),
('Sound-Proof'),
('Swivel'),
('High-Back'),
('Low-Back'),
('Wide'),
('Narrow'),
('High-Rise'),
('Low-Rise'),
('Child'),
('Adult'),
('Senior'),
('Normal'),
('VIP'),
('Doble'),
('Recliner'),
('Couch'),
('Balcony'),
('Box'),
('Luxury'),
('Standard'),
('Economy'),
('First Class'),
('Premium'),
('Executive'),
('Suite'),
('Family'),
('Couple'),
('Single'),
('Loveseat'),
('Adjustable'),
('Theater'),
('Comfort'),
('Classic'),
('Deluxe'),
('Ergonomic'),
('Adjustable Recliner'),
('Leather'),
('Fabric'),
('Padded'),
('Soft'),
('Hard'),
('Foldable'),
('Stackable'),
('Bean Bag'),
('Inflatable'),
('Convertible'),
('Electric'),
('Heat-Resistant'),
('Sound-Proof'),
('Swivel'),
('High-Back'),
('Low-Back'),
('Wide'),
('Narrow'),
('High-Rise'),
('Low-Rise'),
('Child'),
('Adult'),
('Senior'),
('Universal'),
('High-Tech'),
('Eco-Friendly'),
('Portable'),
('Fixed'),
('Adjustable Backrest'),
('High-Density'),
('Memory Foam'),
('Multi-Position'),
('Premium Leather'),
('Vintage'),
('Classic Leather'),
('Eco Leather'),
('Microfiber'),
('Synthetic'),
('Mesh'),
('Thermo-Regulating'),
('Orthopedic'),
('Massage');





INSERT INTO cine.Sillas (id_sala, id_tipo_silla)
VALUES
(1, 1),
(1, 2),
(1, 3),
(2, 4),
(2, 5),
(2, 6),
(3, 7),
(3, 8),
(3, 9),
(4, 10),
(4, 11),
(4, 12),
(5, 13),
(5, 14),
(5, 15),
(6, 16),
(6, 17),
(6, 18),
(7, 19),
(7, 20),
(7, 21),
(8, 22),
(8, 23),
(8, 24),
(9, 25),
(9, 26),
(9, 27),
(10, 28),
(10, 29),
(10, 30),
(11, 31),
(11, 32),
(11, 33),
(12, 34),
(12, 35),
(12, 36),
(13, 37),
(13, 38),
(13, 39),
(14, 40),
(14, 41),
(14, 42),
(15, 43),
(15, 44),
(15, 45),
(16, 46),
(16, 47),
(16, 48),
(17, 49),
(17, 50),
(17, 51),
(18, 52),
(18, 53),
(18, 54),
(19, 55),
(19, 56),
(19, 57),
(20, 58),
(20, 59),
(20, 60),
(21, 61),
(21, 62),
(21, 63),
(22, 64),
(22, 65),
(22, 66),
(23, 67),
(23, 68),
(23, 69),
(24, 70),
(24, 71),
(24, 72),
(25, 73),
(25, 74),
(25, 75),
(26, 76),
(26, 77),
(26, 78),
(27, 79),
(27, 80),
(27, 81),
(28, 82),
(28, 83),
(28, 84),
(29, 85),
(29, 86),
(29, 87),
(30, 88),
(30, 89),
(30, 90),
(31, 91),
(31, 92),
(31, 93),
(32, 94),
(32, 95),
(32, 96),
(33, 97),
(33, 98),
(33, 99),
(34, 100);


INSERT INTO cine.Cargos (nombre_cargo, descripcion_cargo)
VALUES
('Gerente', 'Encargado de la administración general del cine'),
('Asistente', 'Apoya en las operaciones diarias del cine'),
('Taquillero', 'Encargado de la venta de boletos'),
('Proyeccionista', 'Encargado de operar el equipo de proyección'),
('Conserje', 'Responsable de la limpieza y mantenimiento del cine'),
('Vendedor', 'Atiende en el área de confitería'),
('Seguridad', 'Encargado de la seguridad en el cine'),
('Administrador de sistemas', 'Gestiona el sistema de reservas y ventas'),
('Encargado de marketing', 'Desarrolla estrategias de promoción'),
('Director de eventos', 'Organiza eventos especiales en el cine'),
('Gerente de operaciones', 'Supervisa las operaciones del cine'),
('Analista de ventas', 'Analiza las ventas y reportes'),
('Supervisor de sala', 'Coordina las actividades dentro de la sala'),
('Asesor de cine', 'Asiste a los clientes con información sobre películas'),
('Coordinador de personal', 'Gestiona el equipo de trabajo'),
('Jefe de cocina', 'Encargado de la cocina en la confitería'),
('Encargado de mantenimiento', 'Realiza el mantenimiento de equipos y instalaciones'),
('Auxiliar administrativo', 'Apoya en tareas administrativas'),
('Gestor de redes sociales', 'Maneja las redes sociales del cine'),
('Especialista en proyecciones', 'Expertos en el funcionamiento de proyectores'),
('Asistente de dirección', 'Asiste al director en sus tareas diarias'),
('Administrador de reservas', 'Gestiona las reservas de boletos'),
('Coordinador de eventos', 'Organiza y coordina eventos especiales'),
('Encargado de inventario', 'Gestiona el inventario de productos'),
('Supervisor de limpieza', 'Supervisa las tareas de limpieza'),
('Técnico en sonido', 'Encargado del sistema de sonido'),
('Asistente de ventas', 'Apoya en la venta de productos y boletos'),
('Encargado de taquilla', 'Maneja la taquilla y ventas'),
('Gerente de confitería', 'Gestiona la confitería'),
('Especialista en atención al cliente', 'Mejora la experiencia del cliente'),
('Coordinador de publicidad', 'Desarrolla campañas publicitarias'),
('Jefe de proyecciones', 'Supervisa las proyecciones de películas'),
('Responsable de recursos humanos', 'Gestiona al personal del cine'),
('Técnico en mantenimiento', 'Realiza mantenimiento técnico'),
('Gerente de cine', 'Encargado de la gestión del cine'),
('Jefe de confitería', 'Supervisa la operación de la confitería'),
('Administrador de eventos', 'Coordina eventos y funciones especiales'),
('Asesor de ventas', 'Asiste en la venta de productos y boletos'),
('Gestor de contenidos', 'Maneja los contenidos digitales del cine'),
('Encargado de seguridad', 'Supervisa las medidas de seguridad'),
('Técnico de equipos', 'Repara y mantiene equipos técnicos'),
('Coordinador de recursos humanos', 'Gestiona el personal y su bienestar'),
('Encargado de promociones', 'Desarrolla y gestiona promociones'),
('Jefe de operaciones', 'Dirige las operaciones generales del cine'),
('Asistente de operaciones', 'Apoya en la operación diaria'),
('Gerente de instalaciones', 'Gestiona las instalaciones del cine'),
('Encargado de compras', 'Gestiona las compras de productos'),
('Coordinador de ventas', 'Supervisa las ventas de boletos y productos'),
('Director de confitería', 'Dirige las operaciones de confitería'),
('Administrador de sistemas informáticos', 'Maneja los sistemas informáticos del cine'),
('Jefe de seguridad', 'Dirige el equipo de seguridad'),
('Asistente de marketing', 'Apoya en tareas de marketing'),
('Encargado de auditoría', 'Realiza auditorías internas'),
('Gerente de confitería', 'Dirige la operación de la confitería'),
('Responsable de promociones', 'Desarrolla estrategias promocionales'),
('Técnico de imagen', 'Encargado de la calidad de imagen en proyecciones'),
('Asesor de eventos', 'Asiste en la organización de eventos'),
('Encargado de reservas', 'Gestiona las reservas y boletos'),
('Gerente de ventas', 'Dirige las operaciones de ventas'),
('Coordinador de proyecciones', 'Gestiona las proyecciones de películas'),
('Encargado de publicidad', 'Gestiona la publicidad y promociones'),
('Técnico en sonido y video', 'Gestiona el sonido y video en proyecciones'),
('Asistente de administración', 'Apoya en la administración general'),
('Jefe de ventas', 'Coordina las actividades de venta'),
('Coordinador de mantenimiento', 'Gestiona las actividades de mantenimiento'),
('Encargado de logística', 'Gestiona la logística del cine'),
('Administrador de publicidad', 'Gestiona las campañas publicitarias'),
('Técnico en informática', 'Soporte técnico en sistemas informáticos'),
('Jefe de operaciones de confitería', 'Gestiona la operación de la confitería'),
('Coordinador de compras', 'Gestiona las compras y proveedores'),
('Encargado de ventas en línea', 'Gestiona las ventas en línea'),
('Gerente de marketing', 'Desarrolla y dirige estrategias de marketing'),
('Asistente de seguridad', 'Apoya en las tareas de seguridad'),
('Jefe de administración', 'Dirige las actividades administrativas'),
('Coordinador de eventos especiales', 'Organiza eventos especiales en el cine'),
('Encargado de producción', 'Gestiona la producción de eventos y proyecciones'),
('Jefe de seguridad', 'Dirige el equipo de seguridad'),
('Asistente de marketing', 'Apoya en tareas de marketing'),
('Encargado de auditoría', 'Realiza auditorías internas'),
('Gerente de confitería', 'Dirige la operación de la confitería'),
('Responsable de promociones', 'Desarrolla estrategias promocionales'),
('Técnico de imagen', 'Encargado de la calidad de imagen en proyecciones'),
('Asesor de eventos', 'Asiste en la organización de eventos'),
('Encargado de reservas', 'Gestiona las reservas y boletos'),
('Gerente de ventas', 'Dirige las operaciones de ventas'),
('Coordinador de proyecciones', 'Gestiona las proyecciones de películas'),
('Encargado de publicidad', 'Gestiona la publicidad y promociones'),
('Técnico en sonido y video', 'Gestiona el sonido y video en proyecciones'),
('Asistente de administración', 'Apoya en la administración general'),
('Jefe de ventas', 'Coordina las actividades de venta'),
('Coordinador de mantenimiento', 'Gestiona las actividades de mantenimiento'),
('Encargado de logística', 'Gestiona la logística del cine'),
('Administrador de publicidad', 'Gestiona las campañas publicitarias'),
('Técnico en informática', 'Soporte técnico en sistemas informáticos'),
('Jefe de operaciones de confitería', 'Gestiona la operación de la confitería'),
('Coordinador de compras', 'Gestiona las compras y proveedores'),
('Encargado de ventas en línea', 'Gestiona las ventas en línea'),
('Gerente de marketing', 'Desarrolla y dirige estrategias de marketing'),
('Asistente de seguridad', 'Apoya en las tareas de seguridad'),
('Jefe de administración', 'Dirige las actividades administrativas'),
('Coordinador de eventos especiales', 'Organiza eventos especiales en el cine'),
('Encargado de producción', 'Gestiona la producción de eventos y proyecciones');
----------------------------------------------------------------

INSERT INTO cine.Planes (nombre_plan, precio_plan, beneficios_plan)
VALUES
('Plan Básico', 9.99, 'Acceso a películas estándar y sesiones regulares'),
('Plan Premium', 19.99, 'Acceso a películas premium, sesiones en 3D y descuentos en confitería'),
('Plan VIP', 29.99, 'Acceso ilimitado a todas las películas, sesiones VIP y servicio personalizado'),
('Plan Estudiante', 7.99, 'Descuentos especiales para estudiantes, acceso a sesiones estándar'),
('Plan Familiar', 24.99, 'Acceso para toda la familia con descuentos en boletos y confitería'),
('Plan Anual', 99.99, 'Acceso ilimitado durante un año a todas las películas y eventos especiales'),
('Plan Mensual', 14.99, 'Acceso mensual a todas las películas y descuentos en confitería'),
('Plan Corporativo', 49.99, 'Beneficios exclusivos para empresas, sesiones privadas y descuentos especiales'),
('Plan Amigo', 11.99, 'Descuento en boletos para grupos y amigos, acceso a sesiones estándar'),
('Plan Cineteca', 15.99, 'Acceso a una selección de películas clásicas y eventos especiales'),
('Plan Premium Plus', 24.99, 'Beneficios del plan Premium más acceso a eventos exclusivos'),
('Plan CineClub', 19.99, 'Acceso a una selección de películas y eventos exclusivos del club'),
('Plan Solo Adultos', 12.99, 'Acceso a películas solo para adultos, sesiones especiales'),
('Plan CineMóvil', 17.99, 'Acceso a eventos y funciones en cines móviles y especiales'),
('Plan Club de Fans', 14.99, 'Beneficios para fans de cine, acceso anticipado a estrenos y descuentos'),
('Plan Elite', 29.99, 'Acceso completo a todas las películas y eventos, sin restricciones'),
('Plan 3D Premium', 22.99, 'Acceso a películas en 3D y descuentos especiales en confitería'),
('Plan Estudiantil Plus', 9.99, 'Descuentos para estudiantes con beneficios adicionales'),
('Plan Weekend', 12.99, 'Acceso a sesiones especiales durante el fin de semana'),
('Plan Temporada', 39.99, 'Acceso a películas y eventos durante una temporada específica'),
('Plan Especial', 29.99, 'Beneficios especiales y acceso a eventos exclusivos'),
('Plan Cine para Dos', 19.99, 'Acceso para dos personas con descuentos en boletos y confitería'),
('Plan Solo Cine', 8.99, 'Acceso a películas estándar y eventos básicos'),
('Plan Premium Familiar', 29.99, 'Acceso familiar con beneficios Premium'),
('Plan Clásico', 14.99, 'Acceso a películas clásicas y eventos especiales'),
('Plan Reservado', 21.99, 'Acceso a sesiones reservadas y eventos especiales'),
('Plan Invierno', 18.99, 'Beneficios especiales durante la temporada de invierno'),
('Plan Externo', 25.99, 'Acceso a funciones en cines externos y eventos especiales'),
('Plan Cultural', 13.99, 'Acceso a películas culturales y eventos exclusivos'),
('Plan Cinematic', 23.99, 'Beneficios en todas las películas y eventos especiales'),
('Plan Clásico Premium', 16.99, 'Acceso a películas clásicas con beneficios adicionales'),
('Plan Privado', 34.99, 'Sesiones privadas y eventos exclusivos'),
('Plan Relax', 19.99, 'Acceso a funciones relajadas y eventos especiales'),
('Plan Gala', 27.99, 'Acceso a eventos de gala y funciones especiales'),
('Plan Silver', 11.99, 'Acceso a funciones estándar con beneficios adicionales'),
('Plan Gold', 21.99, 'Acceso a todas las funciones con beneficios Premium'),
('Plan Platinum', 29.99, 'Acceso completo y beneficios exclusivos'),
('Plan Lux', 35.99, 'Beneficios Premium y acceso a eventos de lujo'),
('Plan CineFácil', 8.99, 'Acceso básico con beneficios sencillos'),
('Plan Amistad', 15.99, 'Descuentos para amigos y familiares'),
('Plan Fiestas', 22.99, 'Beneficios especiales para eventos y fiestas'),
('Plan Exclusivo', 29.99, 'Acceso a todas las películas y eventos exclusivos'),
('Plan Flex', 18.99, 'Acceso flexible a funciones y eventos'),
('Plan Básico Plus', 12.99, 'Beneficios adicionales con el plan básico'),
('Plan Mega', 24.99, 'Acceso completo a todas las películas y eventos'),
('Plan Completo', 27.99, 'Acceso a todas las funciones y beneficios especiales'),
('Plan Ventas Especiales', 21.99, 'Descuentos en boletos y confitería'),
('Plan Pro', 30.99, 'Beneficios profesionales y acceso a eventos exclusivos'),
('Plan Elite Plus', 34.99, 'Acceso total con beneficios de élite'),
('Plan Exclusividad', 37.99, 'Acceso a todas las funciones y eventos exclusivos'),
('Plan Regular', 9.99, 'Acceso a películas y eventos estándar'),
('Plan Star', 23.99, 'Acceso a funciones y eventos estelares'),
('Plan VIP Plus', 31.99, 'Beneficios VIP con acceso a eventos exclusivos'),
('Plan Forever', 99.99, 'Acceso de por vida a todas las funciones y eventos'),
('Plan Premiere', 20.99, 'Acceso anticipado a estrenos y eventos especiales'),
('Plan Básico', 9.99, 'Acceso a películas estándar y sesiones regulares'),
('Plan Premium', 19.99, 'Acceso a películas premium, sesiones en 3D y descuentos en confitería'),
('Plan VIP', 29.99, 'Acceso ilimitado a todas las películas, sesiones VIP y servicio personalizado'),
('Plan Estudiante', 7.99, 'Descuentos especiales para estudiantes, acceso a sesiones estándar'),
('Plan Familiar', 24.99, 'Acceso para toda la familia con descuentos en boletos y confitería'),
('Plan Anual', 99.99, 'Acceso ilimitado durante un año a todas las películas y eventos especiales'),
('Plan Mensual', 14.99, 'Acceso mensual a todas las películas y descuentos en confitería'),
('Plan Corporativo', 49.99, 'Beneficios exclusivos para empresas, sesiones privadas y descuentos especiales'),
('Plan Amigo', 11.99, 'Descuento en boletos para grupos y amigos, acceso a sesiones estándar'),
('Plan Cineteca', 15.99, 'Acceso a una selección de películas clásicas y eventos especiales'),
('Plan Premium Plus', 24.99, 'Beneficios del plan Premium más acceso a eventos exclusivos'),
('Plan CineClub', 19.99, 'Acceso a una selección de películas y eventos exclusivos del club'),
('Plan Solo Adultos', 12.99, 'Acceso a películas solo para adultos, sesiones especiales'),
('Plan CineMóvil', 17.99, 'Acceso a eventos y funciones en cines móviles y especiales'),
('Plan Club de Fans', 14.99, 'Beneficios para fans de cine, acceso anticipado a estrenos y descuentos'),
('Plan Elite', 29.99, 'Acceso completo a todas las películas y eventos, sin restricciones'),
('Plan 3D Premium', 22.99, 'Acceso a películas en 3D y descuentos especiales en confitería'),
('Plan Estudiantil Plus', 9.99, 'Descuentos para estudiantes con beneficios adicionales'),
('Plan Weekend', 12.99, 'Acceso a sesiones especiales durante el fin de semana'),
('Plan Temporada', 39.99, 'Acceso a películas y eventos durante una temporada específica'),
('Plan Especial', 29.99, 'Beneficios especiales y acceso a eventos exclusivos'),
('Plan Cine para Dos', 19.99, 'Acceso para dos personas con descuentos en boletos y confitería'),
('Plan Solo Cine', 8.99, 'Acceso a películas estándar y eventos básicos'),
('Plan Premium Familiar', 29.99, 'Acceso familiar con beneficios Premium'),
('Plan Clásico', 14.99, 'Acceso a películas clásicas y eventos especiales'),
('Plan Reservado', 21.99, 'Acceso a sesiones reservadas y eventos especiales'),
('Plan Invierno', 18.99, 'Beneficios especiales durante la temporada de invierno'),
('Plan Externo', 25.99, 'Acceso a funciones en cines externos y eventos especiales'),
('Plan Cultural', 13.99, 'Acceso a películas culturales y eventos exclusivos'),
('Plan Cinematic', 23.99, 'Beneficios en todas las películas y eventos especiales'),
('Plan Clásico Premium', 16.99, 'Acceso a películas clásicas con beneficios adicionales'),
('Plan Privado', 34.99, 'Sesiones privadas y eventos exclusivos'),
('Plan Relax', 19.99, 'Acceso a funciones relajadas y eventos especiales'),
('Plan Gala', 27.99, 'Acceso a eventos de gala y funciones especiales'),
('Plan Silver', 11.99, 'Acceso a funciones estándar con beneficios adicionales'),
('Plan Gold', 21.99, 'Acceso a todas las funciones con beneficios Premium'),
('Plan Platinum', 29.99, 'Acceso completo y beneficios exclusivos'),
('Plan Lux', 35.99, 'Beneficios Premium y acceso a eventos de lujo'),
('Plan CineFácil', 8.99, 'Acceso básico con beneficios sencillos'),
('Plan Amistad', 15.99, 'Descuentos para amigos y familiares'),
('Plan Fiestas', 22.99, 'Beneficios especiales para eventos y fiestas'),
('Plan Exclusivo', 29.99, 'Acceso a todas las películas y eventos exclusivos'),
('Plan Flex', 18.99, 'Acceso flexible a funciones y eventos'),
('Plan Básico Plus', 12.99, 'Beneficios adicionales con el plan básico'),
('Plan Mega', 24.99, 'Acceso completo a todas las películas y eventos'),
('Plan Completo', 27.99, 'Acceso a todas las funciones y beneficios especiales'),
('Plan Ventas Especiales', 21.99, 'Descuentos en boletos y confitería'),
('Plan Pro', 30.99, 'Beneficios profesionales y acceso a eventos exclusivos'),
('Plan Elite Plus', 34.99, 'Acceso total con beneficios de élite'),
('Plan Exclusividad', 37.99, 'Acceso a todas las funciones y eventos exclusivos'),
('Plan Regular', 9.99, 'Acceso a películas y eventos estándar'),
('Plan Star', 23.99, 'Acceso a funciones y eventos estelares'),
('Plan VIP Plus', 31.99, 'Beneficios VIP con acceso a eventos exclusivos'),
('Plan Forever', 99.99, 'Acceso de por vida a todas las funciones y eventos'),
('Plan Premiere', 20.99, 'Acceso anticipado a estrenos y eventos especiales');

----------------------------------------------------------------

-- Llena la tabla cine.Personas con 100 registros usando un patrón de incremento y fechas secuenciales
DO $$
DECLARE
    i INT := 1;
    base_date DATE := '1990-01-01';
BEGIN
    WHILE i <= 100 LOOP
        INSERT INTO cine.Personas (nombres_persona, apellidos_persona, fecha_nacimiento_persona, id_cargo, id_ubicacion, id_plan, celular, email_persona, contrasenia_persona)
        VALUES
        (concat('Nombre', i), concat('Apellido', i), base_date + (i - 1) * interval '1 day', i, i, i, concat('555-', lpad(i::text, 4, '0')), concat('email', i, '@example.com'), concat('password', i));
        
        i := i + 1;
    END LOOP;
END $$;

----------------------------------------------------------------


INSERT INTO cine.Reservaciones (precio, id_persona, id_funcion)
VALUES
(10.00, 1, 1),
(12.50, 2, 2),
(8.00, 3, 3),
(15.00, 4, 4),
(11.50, 5, 5),
(13.00, 6, 6),
(9.00, 7, 7),
(14.50, 8, 8),
(12.00, 9, 9),
(10.50, 10, 10),
(13.50, 11, 11),
(11.00, 12, 12),
(14.00, 13, 13),
(12.50, 14, 14),
(15.50, 15, 15),
(10.00, 16, 16),
(13.00, 17, 17),
(11.50, 18, 18),
(14.00, 19, 19),
(9.50, 20, 20),
(12.00, 21, 21),
(15.00, 22, 22),
(10.50, 23, 23),
(13.50, 24, 24),
(11.00, 25, 25),
(14.50, 26, 26),
(12.00, 27, 27),
(15.50, 28, 28),
(10.00, 29, 29),
(13.00, 30, 30),
(11.50, 31, 31),
(14.00, 32, 32),
(9.00, 33, 33),
(12.50, 34, 34),
(15.00, 35, 35),
(10.50, 36, 36),
(13.50, 37, 37),
(11.00, 38, 38),
(14.50, 39, 39),
(12.00, 40, 40),
(15.50, 41, 41),
(10.00, 42, 42),
(13.00, 43, 43),
(11.50, 44, 44),
(14.00, 45, 45),
(9.50, 46, 46),
(12.00, 47, 47),
(15.00, 48, 48),
(10.50, 49, 49),
(13.50, 50, 50),
(11.00, 51, 51),
(14.50, 52, 52),
(12.00, 53, 53),
(15.50, 54, 54),
(10.00, 55, 55),
(13.00, 56, 56),
(11.50, 57, 57),
(14.00, 58, 58),
(9.00, 59, 59),
(12.50, 60, 60),
(15.00, 61, 61),
(10.50, 62, 62),
(13.50, 63, 63),
(11.00, 64, 64),
(14.50, 65, 65),
(12.00, 66, 66),
(15.50, 67, 67),
(10.00, 68, 68),
(13.00, 69, 69),
(11.50, 70, 70),
(14.00, 71, 71),
(9.50, 72, 72),
(12.00, 73, 73),
(15.00, 74, 74),
(10.50, 75, 75),
(13.50, 76, 76),
(11.00, 77, 77),
(14.50, 78, 78),
(12.00, 79, 79),
(15.50, 80, 80),
(10.00, 81, 81),
(13.00, 82, 82),
(11.50, 83, 83),
(14.00, 84, 84),
(9.00, 85, 85),
(12.50, 86, 86),
(15.00, 87, 87),
(10.50, 88, 88),
(13.50, 89, 89),
(11.00, 90, 90),
(14.50, 91, 91),
(12.00, 92, 92),
(15.50, 93, 93),
(10.00, 94, 94),
(13.00, 95, 95),
(11.50, 96, 96),
(14.00, 97, 97),
(9.50, 98, 98),
(12.00, 99, 99),
(15.00, 100, 100);

----------------------------------------------------------------

INSERT INTO cine.Cartelera (id_pelicula, id_cine, fecha_inicio_cartelera, fecha_final_cartelera)
VALUES
(1, 1, '2024-08-01', '2024-08-31'),
(2, 1, '2024-08-01', '2024-08-31'),
(3, 2, '2024-08-01', '2024-08-31'),
(4, 2, '2024-08-01', '2024-08-31'),
(5, 3, '2024-08-01', '2024-08-31'),
(6, 3, '2024-08-01', '2024-08-31'),
(7, 4, '2024-08-01', '2024-08-31'),
(8, 4, '2024-08-01', '2024-08-31'),
(9, 5, '2024-08-01', '2024-08-31'),
(10, 5, '2024-08-01', '2024-08-31'),
(11, 6, '2024-08-01', '2024-08-31'),
(12, 6, '2024-08-01', '2024-08-31'),
(13, 7, '2024-08-01', '2024-08-31'),
(14, 7, '2024-08-01', '2024-08-31'),
(15, 8, '2024-08-01', '2024-08-31'),
(16, 8, '2024-08-01', '2024-08-31'),
(17, 9, '2024-08-01', '2024-08-31'),
(18, 9, '2024-08-01', '2024-08-31'),
(19, 10, '2024-08-01', '2024-08-31'),
(20, 10, '2024-08-01', '2024-08-31'),
(21, 11, '2024-08-01', '2024-08-31'),
(22, 11, '2024-08-01', '2024-08-31'),
(23, 12, '2024-08-01', '2024-08-31'),
(24, 12, '2024-08-01', '2024-08-31'),
(25, 13, '2024-08-01', '2024-08-31'),
(26, 13, '2024-08-01', '2024-08-31'),
(27, 14, '2024-08-01', '2024-08-31'),
(28, 14, '2024-08-01', '2024-08-31'),
(29, 15, '2024-08-01', '2024-08-31'),
(30, 15, '2024-08-01', '2024-08-31'),
(31, 16, '2024-08-01', '2024-08-31'),
(32, 16, '2024-08-01', '2024-08-31'),
(33, 17, '2024-08-01', '2024-08-31'),
(34, 17, '2024-08-01', '2024-08-31'),
(35, 18, '2024-08-01', '2024-08-31'),
(36, 18, '2024-08-01', '2024-08-31'),
(37, 19, '2024-08-01', '2024-08-31'),
(38, 19, '2024-08-01', '2024-08-31'),
(39, 20, '2024-08-01', '2024-08-31'),
(40, 20, '2024-08-01', '2024-08-31'),
(41, 21, '2024-08-01', '2024-08-31'),
(42, 21, '2024-08-01', '2024-08-31'),
(43, 22, '2024-08-01', '2024-08-31'),
(44, 22, '2024-08-01', '2024-08-31'),
(45, 23, '2024-08-01', '2024-08-31'),
(46, 23, '2024-08-01', '2024-08-31'),
(47, 24, '2024-08-01', '2024-08-31'),
(48, 24, '2024-08-01', '2024-08-31'),
(49, 25, '2024-08-01', '2024-08-31'),
(50, 25, '2024-08-01', '2024-08-31'),
(51, 26, '2024-08-01', '2024-08-31'),
(52, 26, '2024-08-01', '2024-08-31'),
(53, 27, '2024-08-01', '2024-08-31'),
(54, 27, '2024-08-01', '2024-08-31'),
(55, 28, '2024-08-01', '2024-08-31'),
(56, 28, '2024-08-01', '2024-08-31'),
(57, 29, '2024-08-01', '2024-08-31'),
(58, 29, '2024-08-01', '2024-08-31'),
(59, 30, '2024-08-01', '2024-08-31'),
(60, 30, '2024-08-01', '2024-08-31'),
(61, 31, '2024-08-01', '2024-08-31'),
(62, 31, '2024-08-01', '2024-08-31'),
(63, 32, '2024-08-01', '2024-08-31'),
(64, 32, '2024-08-01', '2024-08-31'),
(65, 33, '2024-08-01', '2024-08-31'),
(66, 33, '2024-08-01', '2024-08-31'),
(67, 34, '2024-08-01', '2024-08-31'),
(68, 34, '2024-08-01', '2024-08-31'),
(69, 35, '2024-08-01', '2024-08-31'),
(70, 35, '2024-08-01', '2024-08-31'),
(71, 36, '2024-08-01', '2024-08-31'),
(72, 36, '2024-08-01', '2024-08-31'),
(73, 37, '2024-08-01', '2024-08-31'),
(74, 37, '2024-08-01', '2024-08-31'),
(75, 38, '2024-08-01', '2024-08-31'),
(76, 38, '2024-08-01', '2024-08-31'),
(77, 39, '2024-08-01', '2024-08-31'),
(78, 39, '2024-08-01', '2024-08-31'),
(79, 40, '2024-08-01', '2024-08-31'),
(80, 40, '2024-08-01', '2024-08-31'),
(81, 41, '2024-08-01', '2024-08-31'),
(82, 41, '2024-08-01', '2024-08-31'),
(83, 42, '2024-08-01', '2024-08-31'),
(84, 42, '2024-08-01', '2024-08-31'),
(85, 43, '2024-08-01', '2024-08-31'),
(86, 43, '2024-08-01', '2024-08-31'),
(87, 44, '2024-08-01', '2024-08-31'),
(88, 44, '2024-08-01', '2024-08-31'),
(89, 45, '2024-08-01', '2024-08-31'),
(90, 45, '2024-08-01', '2024-08-31'),
(91, 46, '2024-08-01', '2024-08-31'),
(92, 46, '2024-08-01', '2024-08-31'),
(93, 47, '2024-08-01', '2024-08-31'),
(94, 47, '2024-08-01', '2024-08-31'),
(95, 48, '2024-08-01', '2024-08-31'),
(96, 48, '2024-08-01', '2024-08-31'),
(97, 49, '2024-08-01', '2024-08-31'),
(98, 49, '2024-08-01', '2024-08-31'),
(99, 50, '2024-08-01', '2024-08-31'),
(100, 50, '2024-08-01', '2024-08-31');

----------------------------------------------------------------

INSERT INTO cine.Productos (nombre_producto, descripcion_producto)
VALUES
('Palomitas', 'Palomitas de maíz recién hechas'),
('Refresco', 'Refresco de cola en diferentes tamaños'),
('Chocolate', 'Barra de chocolate con leche'),
('Crispetas', 'Crispetas dulces o saladas'),
('Gaseosa', 'Gaseosa sabor naranja'),
('Café', 'Café expreso o americano'),
('Agua Mineral', 'Botella de agua mineral'),
('Cerveza', 'Cerveza nacional o importada'),
('Nachos', 'Nachos con queso'),
('Chicle', 'Chicles en diferentes sabores'),
('Chocolatina', 'Chocolatina rellena'),
('Galletas', 'Galletas dulces o saladas'),
('Café Latte', 'Café con leche y espuma'),
('Té', 'Té helado o caliente'),
('Muffin', 'Muffin de arándano o chocolate'),
('Galletas Saladas', 'Galletas saladas variadas'),
('Popcorn', 'Palomitas con mantequilla'),
('Fruta', 'Fruta fresca en porciones'),
('Brownie', 'Brownie de chocolate'),
('Helado', 'Helado en diferentes sabores'),
('Café Mocha', 'Café con chocolate y crema'),
('Sandwich', 'Sandwiches variados'),
('Donas', 'Donas glaseadas o rellenas'),
('Paleta', 'Paleta de hielo en diferentes sabores'),
('Churros', 'Churros con azúcar y canela'),
('Limonada', 'Limonada fresca'),
('Jugo Natural', 'Jugo de frutas natural'),
('Tarta', 'Tarta de frutas o chocolate'),
('Crackers', 'Crackers salados'),
('Papas Fritas', 'Papas fritas crujientes'),
('Muffin de Chocolate', 'Muffin con trozos de chocolate'),
('Galleta de Avena', 'Galleta de avena y pasas'),
('Croissant', 'Croissant de mantequilla'),
('Café Americano', 'Café negro sin leche'),
('Jugo de Naranja', 'Jugo natural de naranja'),
('Galleta de Chocolate', 'Galleta rellena de chocolate'),
('Barra de Cereal', 'Barra de cereal con frutas'),
('Tostada', 'Tostada con mantequilla'),
('Pudín', 'Pudín de vainilla o chocolate'),
('Galletas Rellenas', 'Galletas con relleno de crema'),
('Frutos Secos', 'Mezcla de frutos secos variados'),
('Batido de Frutas', 'Batido de frutas frescas'),
('Tarta de Manzana', 'Tarta con manzana y canela'),
('Café con Leche', 'Café con leche vaporizada'),
('Muffin de Arándano', 'Muffin con arándanos frescos'),
('Donut de Chocolate', 'Donut cubierto con chocolate'),
('Gelatina', 'Gelatina en diferentes sabores'),
('Smoothie', 'Smoothie de frutas tropicales'),
('Tarta de Fresa', 'Tarta con fresas frescas'),
('Galleta de Mantequilla', 'Galleta suave de mantequilla'),
('Café con Vainilla', 'Café con sabor a vainilla'),
('Batido de Chocolate', 'Batido con chocolate y crema'),
('Tostada con Mermelada', 'Tostada con mermelada de frutas'),
('Brownie con Nueces', 'Brownie con nueces y chocolate'),
('Café con Caramelo', 'Café con sabor a caramelo'),
('Palomitas con Queso', 'Palomitas con sabor a queso'),
('Bocadillos', 'Bocadillos variados'),
('Jugo de Manzana', 'Jugo natural de manzana'),
('Galleta de Jengibre', 'Galleta con sabor a jengibre'),
('Tarta de Chocolate', 'Tarta de chocolate oscuro'),
('Croissant de Almendra', 'Croissant relleno de almendras'),
('Papas al Horno', 'Papas al horno con especias'),
('Galletas de Manteca', 'Galletas de manteca con trozos de chocolate'),
('Café con Canela', 'Café con un toque de canela'),
('Jugo de Uva', 'Jugo natural de uva'),
('Galleta de Nuez', 'Galleta con nueces'),
('Barra de Chocolate', 'Barra de chocolate oscuro'),
('Galletas con Chips', 'Galletas con chips de chocolate'),
('Tarta de Limón', 'Tarta con relleno de limón'),
('Galletas con Chispas', 'Galletas con chispas de chocolate'),
('Refresco de Limón', 'Refresco con sabor a limón'),
('Tarta de Queso', 'Tarta con queso crema'),
('Té Helado', 'Té frío con limón'),
('Donut de Glaseado', 'Donut con glaseado'),
('Café con Leche y Chocolate', 'Café con leche y chocolate'),
('Barra de Frutos Secos', 'Barra de frutos secos'),
('Jugo de Piña', 'Jugo natural de piña'),
('Pudín de Chocolate', 'Pudín con chocolate'),
('Galleta de Avena y Miel', 'Galleta con avena y miel'),
('Galletas de Manteca con Chips', 'Galletas de manteca con chips de chocolate'),
('Café con Leche y Caramelo', 'Café con leche y caramelo'),
('Tarta de Vainilla', 'Tarta con relleno de vainilla'),
('Galleta de Chocolate y Menta', 'Galleta con chocolate y menta'),
('Té Caliente', 'Té caliente con miel'),
('Helado de Vainilla', 'Helado de vainilla'),
('Tarta de Chocolate y Frutilla', 'Tarta con chocolate y frutilla'),
('Galleta de Mantequilla', 'Galleta suave de mantequilla'),
('Café con Vainilla', 'Café con sabor a vainilla'),
('Batido de Chocolate', 'Batido con chocolate y crema'),
('Tostada con Mermelada', 'Tostada con mermelada de frutas'),
('Brownie con Nueces', 'Brownie con nueces y chocolate'),
('Café con Caramelo', 'Café con sabor a caramelo'),
('Palomitas con Queso', 'Palomitas con sabor a queso'),
('Bocadillos', 'Bocadillos variados'),
('Jugo de Manzana', 'Jugo natural de manzana'),
('Galleta de Jengibre', 'Galleta con sabor a jengibre'),
('Tarta de Chocolate', 'Tarta de chocolate oscuro'),
('Croissant de Almendra', 'Croissant relleno de almendras'),
('Papas al Horno', 'Papas al horno con especias'),
('Galletas de Manteca', 'Galletas de manteca con trozos de chocolate'),
('Café con Canela', 'Café con un toque de canela'),
('Jugo de Uva', 'Jugo natural de uva'),
('Galleta de Nuez', 'Galleta con nueces'),
('Barra de Chocolate', 'Barra de chocolate oscuro'),
('Galletas con Chips', 'Galletas con chips de chocolate'),
('Tarta de Limón', 'Tarta con relleno de limón'),
('Galletas con Chispas', 'Galletas con chispas de chocolate'),
('Refresco de Limón', 'Refresco con sabor a limón'),
('Tarta de Queso', 'Tarta con queso crema'),
('Té Helado', 'Té frío con limón'),
('Donut de Glaseado', 'Donut con glaseado'),
('Café con Leche y Chocolate', 'Café con leche y chocolate'),
('Barra de Frutos Secos', 'Barra de frutos secos'),
('Jugo de Piña', 'Jugo natural de piña'),
('Pudín de Chocolate', 'Pudín con chocolate'),
('Galleta de Avena y Miel', 'Galleta con avena y miel'),
('Galletas de Manteca con Chips', 'Galletas de manteca con chips de chocolate'),
('Café con Leche y Caramelo', 'Café con leche y caramelo'),
('Tarta de Vainilla', 'Tarta con relleno de vainilla'),
('Galleta de Chocolate y Menta', 'Galleta con chocolate y menta'),
('Té Caliente', 'Té caliente con miel'),
('Helado de Vainilla', 'Helado de vainilla'),
('Tarta de Chocolate y Frutilla', 'Tarta con chocolate y frutilla');

----------------------------------------------------------------

INSERT INTO cine.Confiterias (id_producto, id_cine, precio_producto_cine)
VALUES
(1, 1, 4.50),
(2, 2, 5.25),
(3, 3, 3.75),
(4, 4, 6.00),
(5, 5, 4.75),
(6, 6, 5.50),
(7, 7, 3.25),
(8, 8, 6.50),
(9, 9, 4.00),
(10, 10, 5.00),
(11, 11, 3.50),
(12, 12, 6.25),
(13, 13, 4.50),
(14, 14, 5.75),
(15, 15, 3.00),
(16, 16, 6.00),
(17, 17, 4.75),
(18, 18, 5.25),
(19, 19, 3.50),
(20, 20, 6.75),
(21, 21, 4.25),
(22, 22, 5.00),
(23, 23, 3.75),
(24, 24, 6.25),
(25, 25, 4.50),
(26, 26, 5.75),
(27, 27, 3.25),
(28, 28, 6.50),
(29, 29, 4.00),
(30, 30, 5.50),
(31, 31, 3.50),
(32, 32, 6.75),
(33, 33, 4.25),
(34, 34, 5.25),
(35, 35, 3.75),
(36, 36, 6.00),
(37, 37, 4.75),
(38, 38, 5.50),
(39, 39, 3.25),
(40, 40, 6.50),
(41, 41, 4.00),
(42, 42, 5.75),
(43, 43, 3.50),
(44, 44, 6.25),
(45, 45, 4.50),
(46, 46, 5.00),
(47, 47, 3.75),
(48, 48, 6.75),
(49, 49, 4.00),
(50, 50, 5.50),
(51, 51, 3.50),
(52, 52, 6.00),
(53, 53, 4.75),
(54, 54, 5.25),
(55, 55, 3.25),
(56, 56, 6.50),
(57, 57, 4.00),
(58, 58, 5.75),
(59, 59, 3.75),
(60, 60, 6.25),
(61, 61, 4.50),
(62, 62, 5.00),
(63, 63, 3.25),
(64, 64, 6.75),
(65, 65, 4.00),
(66, 66, 5.50),
(67, 67, 3.50),
(68, 68, 6.00),
(69, 69, 4.75),
(70, 70, 5.25),
(71, 71, 3.75),
(72, 72, 6.50),
(73, 73, 4.25),
(74, 74, 5.75),
(75, 75, 3.50),
(76, 76, 6.00),
(77, 77, 4.00),
(78, 78, 5.50),
(79, 79, 3.25),
(80, 80, 6.75),
(81, 81, 4.50),
(82, 82, 5.25),
(83, 83, 3.75),
(84, 84, 6.00),
(85, 85, 4.00),
(86, 86, 5.75),
(87, 87, 3.50),
(88, 88, 6.25),
(89, 89, 4.50),
(90, 90, 5.00),
(91, 91, 3.75),
(92, 92, 6.50),
(93, 93, 4.00),
(94, 94, 5.50),
(95, 95, 3.25),
(96, 96, 6.75),
(97, 97, 4.50),
(98, 98, 5.25),
(99, 99, 3.75),
(100, 100, 6.00);

----------------------------------------------------------------


INSERT INTO cine.Productos_Por_Reservacion (id_pedido, id_producto, id_reservacion, precio_pedido)
VALUES
('PED001', 1, 1, 5.00),
('PED002', 2, 1, 3.50),
('PED003', 3, 2, 4.00),
('PED004', 4, 4, 2.50),
('PED005', 5, 5, 6.00),
('PED006', 6, 6, 3.00),
('PED007', 7, 7, 2.00),
('PED008', 8, 8, 4.50),
('PED009', 9, 9, 5.50),
('PED010', 10, 10, 6.50),
('PED011', 11, 1, 4.00),
('PED012', 12, 2, 3.00),
('PED013', 13, 3, 5.00),
('PED014', 14, 4, 2.00),
('PED015', 15, 5, 6.50),
('PED016', 16, 6, 3.50),
('PED017', 17, 7, 4.00),
('PED018', 18, 8, 5.50),
('PED019', 19, 9, 6.00),
('PED020', 20, 10, 3.00),
('PED021', 21, 1, 5.50),
('PED022', 22, 2, 3.50),
('PED023', 23, 3, 4.00),
('PED024', 24, 4, 2.50),
('PED025', 25, 5, 6.00),
('PED026', 26, 6, 3.00),
('PED027', 27, 7, 4.50),
('PED028', 28, 8, 5.00),
('PED029', 29, 9, 6.50),
('PED030', 30, 10, 7.00),
('PED031', 31, 1, 5.00),
('PED032', 32, 2, 4.00),
('PED033', 33, 3, 4.50),
('PED034', 34, 4, 2.00),
('PED035', 35, 5, 6.50),
('PED036', 36, 6, 3.00),
('PED037', 37, 7, 4.50),
('PED038', 38, 8, 5.50),
('PED039', 39, 9, 6.00),
('PED040', 40, 10, 7.50),
('PED041', 41, 1, 4.50),
('PED042', 42, 2, 3.00),
('PED043', 43, 3, 5.50),
('PED044', 44, 4, 2.00),
('PED045', 45, 5, 6.00),
('PED046', 46, 6, 3.50),
('PED047', 47, 7, 4.00),
('PED048', 48, 8, 5.00),
('PED049', 49, 9, 6.00),
('PED050', 50, 10, 7.00),
('PED051', 51, 1, 5.00),
('PED052', 52, 2, 4.00),
('PED053', 53, 3, 4.50),
('PED054', 54, 4, 2.50),
('PED055', 55, 5, 6.50),
('PED056', 56, 6, 3.00),
('PED057', 57, 7, 4.50),
('PED058', 58, 8, 5.50),
('PED059', 59, 9, 6.00),
('PED060', 60, 10, 7.00),
('PED061', 61, 1, 4.50),
('PED062', 62, 2, 3.50),
('PED063', 63, 3, 5.00),
('PED064', 64, 4, 2.00),
('PED065', 65, 5, 6.00),
('PED066', 66, 6, 3.50),
('PED067', 67, 7, 4.00),
('PED068', 68, 8, 5.50),
('PED069', 69, 9, 6.50),
('PED070', 70, 10, 7.50),
('PED071', 71, 1, 5.00),
('PED072', 72, 2, 4.00),
('PED073', 73, 3, 4.50),
('PED074', 74, 4, 2.00),
('PED075', 75, 5, 6.00),
('PED076', 76, 6, 3.50),
('PED077', 77, 7, 4.00),
('PED078', 78, 8, 5.00),
('PED079', 79, 9, 6.00),
('PED080', 80, 10, 7.00),
('PED081', 81, 1, 5.50),
('PED082', 82, 2, 3.00),
('PED083', 83, 3, 4.00),
('PED084', 84, 4, 2.50),
('PED085', 85, 5, 6.50),
('PED086', 86, 6, 3.50),
('PED087', 87, 7, 4.50),
('PED088', 88, 8, 5.50),
('PED089', 89, 9, 6.00),
('PED090', 90, 10, 7.00),
('PED091', 91, 1, 4.50),
('PED092', 92, 2, 3.50),
('PED093', 93, 3, 5.00),
('PED094', 94, 4, 2.00),
('PED095', 95, 5, 6.00),
('PED096', 96, 6, 3.50),
('PED097', 97, 7, 4.00),
('PED098', 98, 8, 5.00),
('PED099', 99, 9, 6.50),
('PED100', 100, 10, 7.00);





INSERT INTO cine.Sillas_En_Reservacion (id_silla, id_reservacion, estado)
VALUES
(1, 1, 'Reservada'),
(2, 1, 'Disponible'),
(3, 1, 'Reservada'),
(4, 1, 'Disponible'),
(5, 1, 'Reservada'),
(6, 1, 'Disponible'),
(7, 1, 'Reservada'),
(8, 1, 'Disponible'),
(9, 1, 'Reservada'),
(10, 1, 'Disponible'),
(11, 2, 'Disponible'),
(12, 2, 'Reservada'),
(13, 2, 'Disponible'),
(14, 2, 'Reservada'),
(15, 2, 'Disponible'),
(16, 2, 'Reservada'),
(17, 2, 'Disponible'),
(18, 2, 'Reservada'),
(19, 2, 'Disponible'),
(20, 2, 'Reservada'),
(21, 3, 'Reservada'),
(22, 3, 'Disponible'),
(23, 3, 'Reservada'),
(24, 3, 'Disponible'),
(25, 3, 'Reservada'),
(26, 3, 'Disponible'),
(27, 3, 'Reservada'),
(28, 3, 'Disponible'),
(29, 3, 'Reservada'),
(30, 3, 'Disponible'),
(31, 4, 'Disponible'),
(32, 4, 'Reservada'),
(33, 4, 'Disponible'),
(34, 4, 'Reservada'),
(35, 4, 'Disponible'),
(36, 4, 'Reservada'),
(37, 4, 'Disponible'),
(38, 4, 'Reservada'),
(39, 4, 'Disponible'),
(40, 4, 'Reservada'),
(41, 5, 'Reservada'),
(42, 5, 'Disponible'),
(43, 5, 'Reservada'),
(44, 5, 'Disponible'),
(45, 5, 'Reservada'),
(46, 5, 'Disponible'),
(47, 5, 'Reservada'),
(48, 5, 'Disponible'),
(49, 5, 'Reservada'),
(50, 5, 'Disponible'),
(51, 6, 'Disponible'),
(52, 6, 'Reservada'),
(53, 6, 'Disponible'),
(54, 6, 'Reservada'),
(55, 6, 'Disponible'),
(56, 6, 'Reservada'),
(57, 6, 'Disponible'),
(58, 6, 'Reservada'),
(59, 6, 'Disponible'),
(60, 6, 'Reservada'),
(61, 7, 'Reservada'),
(62, 7, 'Disponible'),
(63, 7, 'Reservada'),
(64, 7, 'Disponible'),
(65, 7, 'Reservada'),
(66, 7, 'Disponible'),
(67, 7, 'Reservada'),
(68, 7, 'Disponible'),
(69, 7, 'Reservada'),
(70, 7, 'Disponible'),
(71, 8, 'Disponible'),
(72, 8, 'Reservada'),
(73, 8, 'Disponible'),
(74, 8, 'Reservada'),
(75, 8, 'Disponible'),
(76, 8, 'Reservada'),
(77, 8, 'Disponible'),
(78, 8, 'Reservada'),
(79, 8, 'Disponible'),
(80, 8, 'Reservada'),
(81, 9, 'Reservada'),
(82, 9, 'Disponible'),
(83, 9, 'Reservada'),
(84, 9, 'Disponible'),
(85, 9, 'Reservada'),
(86, 9, 'Disponible'),
(87, 9, 'Reservada'),
(88, 9, 'Disponible'),
(89, 9, 'Reservada'),
(90, 9, 'Disponible'),
(91, 10, 'Disponible'),
(92, 10, 'Reservada'),
(93, 10, 'Disponible'),
(94, 10, 'Reservada'),
(95, 10, 'Disponible'),
(96, 10, 'Reservada'),
(97, 10, 'Disponible'),
(98, 10, 'Reservada'),
(99, 10, 'Disponible'),
(100, 10, 'Reservada');
